#category	term ID	term description	observed gene count	background gene count	strength	false discovery rate	matching proteins in your network (IDs)	matching proteins in your network (labels)
GO Process	GO:0010033	Response to organic substance	13	3011	0.67	0.00035	9606.ENSP00000215832,9606.ENSP00000254722,9606.ENSP00000262768,9606.ENSP00000298552,9606.ENSP00000344220,9606.ENSP00000346148,9606.ENSP00000358525,9606.ENSP00000362680,9606.ENSP00000365016,9606.ENSP00000365777,9606.ENSP00000440045,9606.ENSP00000480150,9606.ENSP00000483599	MAPK1,SERPINF1,TIMP2,TSC1,PDPK1,PRKAA1,NGF,SRC,IRS2,MTHFR,ATP2A2,HYOU1,SPON2
GO Process	GO:0042127	Regulation of cell population proliferation	11	1642	0.86	0.00035	9606.ENSP00000215832,9606.ENSP00000250340,9606.ENSP00000254722,9606.ENSP00000262768,9606.ENSP00000298552,9606.ENSP00000344220,9606.ENSP00000346148,9606.ENSP00000358525,9606.ENSP00000362680,9606.ENSP00000365016,9606.ENSP00000475344	MAPK1,CLEC11A,SERPINF1,TIMP2,TSC1,PDPK1,PRKAA1,NGF,SRC,IRS2,APLNR
GO Process	GO:0051240	Positive regulation of multicellular organismal process	11	1770	0.83	0.00035	9606.ENSP00000215832,9606.ENSP00000233146,9606.ENSP00000254722,9606.ENSP00000262768,9606.ENSP00000344220,9606.ENSP00000346148,9606.ENSP00000358525,9606.ENSP00000362680,9606.ENSP00000440045,9606.ENSP00000475344,9606.ENSP00000483599	MAPK1,MSH2,SERPINF1,TIMP2,PDPK1,PRKAA1,NGF,SRC,ATP2A2,APLNR,SPON2
GO Process	GO:0060548	Negative regulation of cell death	9	999	0.99	0.00035	9606.ENSP00000233146,9606.ENSP00000254722,9606.ENSP00000298552,9606.ENSP00000344220,9606.ENSP00000346148,9606.ENSP00000358525,9606.ENSP00000362680,9606.ENSP00000365016,9606.ENSP00000480150	MSH2,SERPINF1,TSC1,PDPK1,PRKAA1,NGF,SRC,IRS2,HYOU1
GO Process	GO:1901215	Negative regulation of neuron death	6	211	1.49	0.00035	9606.ENSP00000233146,9606.ENSP00000254722,9606.ENSP00000298552,9606.ENSP00000344220,9606.ENSP00000358525,9606.ENSP00000480150	MSH2,SERPINF1,TSC1,PDPK1,NGF,HYOU1
GO Process	GO:0009628	Response to abiotic stimulus	9	1147	0.93	0.00054	9606.ENSP00000233146,9606.ENSP00000254722,9606.ENSP00000298552,9606.ENSP00000344220,9606.ENSP00000346148,9606.ENSP00000362680,9606.ENSP00000365777,9606.ENSP00000440045,9606.ENSP00000480150	MSH2,SERPINF1,TSC1,PDPK1,PRKAA1,SRC,MTHFR,ATP2A2,HYOU1
GO Process	GO:1901700	Response to oxygen-containing compound	10	1567	0.84	0.00054	9606.ENSP00000215832,9606.ENSP00000254722,9606.ENSP00000298552,9606.ENSP00000344220,9606.ENSP00000346148,9606.ENSP00000362680,9606.ENSP00000365016,9606.ENSP00000365777,9606.ENSP00000440045,9606.ENSP00000483599	MAPK1,SERPINF1,TSC1,PDPK1,PRKAA1,SRC,IRS2,MTHFR,ATP2A2,SPON2
GO Process	GO:0009725	Response to hormone	8	849	1.01	0.00055	9606.ENSP00000215832,9606.ENSP00000254722,9606.ENSP00000262768,9606.ENSP00000298552,9606.ENSP00000344220,9606.ENSP00000346148,9606.ENSP00000362680,9606.ENSP00000365016	MAPK1,SERPINF1,TIMP2,TSC1,PDPK1,PRKAA1,SRC,IRS2
GO Process	GO:0048583	Regulation of response to stimulus	14	4114	0.57	0.00055	9606.ENSP00000215832,9606.ENSP00000233146,9606.ENSP00000254722,9606.ENSP00000262768,9606.ENSP00000298552,9606.ENSP00000344220,9606.ENSP00000346148,9606.ENSP00000358525,9606.ENSP00000362680,9606.ENSP00000365016,9606.ENSP00000440045,9606.ENSP00000475344,9606.ENSP00000480150,9606.ENSP00000483599	MAPK1,MSH2,SERPINF1,TIMP2,TSC1,PDPK1,PRKAA1,NGF,SRC,IRS2,ATP2A2,APLNR,HYOU1,SPON2
GO Process	GO:1902531	Regulation of intracellular signal transduction	10	1807	0.78	0.0012	9606.ENSP00000215832,9606.ENSP00000262768,9606.ENSP00000298552,9606.ENSP00000344220,9606.ENSP00000346148,9606.ENSP00000358525,9606.ENSP00000362680,9606.ENSP00000365016,9606.ENSP00000475344,9606.ENSP00000480150	MAPK1,TIMP2,TSC1,PDPK1,PRKAA1,NGF,SRC,IRS2,APLNR,HYOU1
GO Process	GO:0048519	Negative regulation of biological process	15	5389	0.48	0.0013	9606.ENSP00000215832,9606.ENSP00000233146,9606.ENSP00000254722,9606.ENSP00000262768,9606.ENSP00000283928,9606.ENSP00000298552,9606.ENSP00000344220,9606.ENSP00000346148,9606.ENSP00000358525,9606.ENSP00000362680,9606.ENSP00000365016,9606.ENSP00000365777,9606.ENSP00000440045,9606.ENSP00000475344,9606.ENSP00000480150	MAPK1,MSH2,SERPINF1,TIMP2,JAZF1,TSC1,PDPK1,PRKAA1,NGF,SRC,IRS2,MTHFR,ATP2A2,APLNR,HYOU1
GO Process	GO:0050790	Regulation of catalytic activity	11	2386	0.7	0.0013	9606.ENSP00000215832,9606.ENSP00000233146,9606.ENSP00000254722,9606.ENSP00000262768,9606.ENSP00000286614,9606.ENSP00000298552,9606.ENSP00000344220,9606.ENSP00000346148,9606.ENSP00000358525,9606.ENSP00000362680,9606.ENSP00000365016	MAPK1,MSH2,SERPINF1,TIMP2,MMP16,TSC1,PDPK1,PRKAA1,NGF,SRC,IRS2
GO Process	GO:0051094	Positive regulation of developmental process	9	1389	0.85	0.0013	9606.ENSP00000215832,9606.ENSP00000233146,9606.ENSP00000254722,9606.ENSP00000262768,9606.ENSP00000344220,9606.ENSP00000346148,9606.ENSP00000358525,9606.ENSP00000362680,9606.ENSP00000475344	MAPK1,MSH2,SERPINF1,TIMP2,PDPK1,PRKAA1,NGF,SRC,APLNR
GO Process	GO:0009719	Response to endogenous stimulus	9	1447	0.83	0.0015	9606.ENSP00000215832,9606.ENSP00000254722,9606.ENSP00000262768,9606.ENSP00000298552,9606.ENSP00000344220,9606.ENSP00000346148,9606.ENSP00000358525,9606.ENSP00000362680,9606.ENSP00000365016	MAPK1,SERPINF1,TIMP2,TSC1,PDPK1,PRKAA1,NGF,SRC,IRS2
GO Process	GO:0043085	Positive regulation of catalytic activity	9	1489	0.82	0.0018	9606.ENSP00000215832,9606.ENSP00000233146,9606.ENSP00000262768,9606.ENSP00000286614,9606.ENSP00000298552,9606.ENSP00000344220,9606.ENSP00000346148,9606.ENSP00000358525,9606.ENSP00000362680	MAPK1,MSH2,TIMP2,MMP16,TSC1,PDPK1,PRKAA1,NGF,SRC
GO Process	GO:0048878	Chemical homeostasis	8	1124	0.89	0.0021	9606.ENSP00000215832,9606.ENSP00000254722,9606.ENSP00000344220,9606.ENSP00000346148,9606.ENSP00000362680,9606.ENSP00000365016,9606.ENSP00000440045,9606.ENSP00000475344	MAPK1,SERPINF1,PDPK1,PRKAA1,SRC,IRS2,ATP2A2,APLNR
GO Process	GO:0051239	Regulation of multicellular organismal process	12	3227	0.61	0.0021	9606.ENSP00000215832,9606.ENSP00000233146,9606.ENSP00000254722,9606.ENSP00000262768,9606.ENSP00000298552,9606.ENSP00000344220,9606.ENSP00000346148,9606.ENSP00000358525,9606.ENSP00000362680,9606.ENSP00000440045,9606.ENSP00000475344,9606.ENSP00000483599	MAPK1,MSH2,SERPINF1,TIMP2,TSC1,PDPK1,PRKAA1,NGF,SRC,ATP2A2,APLNR,SPON2
GO Process	GO:0055082	Cellular chemical homeostasis	7	753	1.0	0.0021	9606.ENSP00000215832,9606.ENSP00000254722,9606.ENSP00000344220,9606.ENSP00000346148,9606.ENSP00000365016,9606.ENSP00000440045,9606.ENSP00000475344	MAPK1,SERPINF1,PDPK1,PRKAA1,IRS2,ATP2A2,APLNR
GO Process	GO:0031324	Negative regulation of cellular metabolic process	11	2630	0.66	0.0022	9606.ENSP00000233146,9606.ENSP00000254722,9606.ENSP00000262768,9606.ENSP00000283928,9606.ENSP00000298552,9606.ENSP00000344220,9606.ENSP00000346148,9606.ENSP00000358525,9606.ENSP00000362680,9606.ENSP00000365016,9606.ENSP00000365777	MSH2,SERPINF1,TIMP2,JAZF1,TSC1,PDPK1,PRKAA1,NGF,SRC,IRS2,MTHFR
GO Process	GO:0042325	Regulation of phosphorylation	9	1626	0.78	0.0023	9606.ENSP00000215832,9606.ENSP00000262768,9606.ENSP00000298552,9606.ENSP00000344220,9606.ENSP00000346148,9606.ENSP00000358525,9606.ENSP00000362680,9606.ENSP00000365016,9606.ENSP00000475344	MAPK1,TIMP2,TSC1,PDPK1,PRKAA1,NGF,SRC,IRS2,APLNR
GO Process	GO:0043086	Negative regulation of catalytic activity	7	807	0.97	0.0023	9606.ENSP00000254722,9606.ENSP00000262768,9606.ENSP00000298552,9606.ENSP00000344220,9606.ENSP00000358525,9606.ENSP00000362680,9606.ENSP00000365016	SERPINF1,TIMP2,TSC1,PDPK1,NGF,SRC,IRS2
GO Process	GO:0044092	Negative regulation of molecular function	8	1163	0.87	0.0023	9606.ENSP00000254722,9606.ENSP00000262768,9606.ENSP00000298552,9606.ENSP00000344220,9606.ENSP00000358525,9606.ENSP00000362680,9606.ENSP00000365016,9606.ENSP00000440045	SERPINF1,TIMP2,TSC1,PDPK1,NGF,SRC,IRS2,ATP2A2
GO Process	GO:0048523	Negative regulation of cellular process	14	4874	0.49	0.0023	9606.ENSP00000215832,9606.ENSP00000233146,9606.ENSP00000254722,9606.ENSP00000262768,9606.ENSP00000283928,9606.ENSP00000298552,9606.ENSP00000344220,9606.ENSP00000346148,9606.ENSP00000358525,9606.ENSP00000362680,9606.ENSP00000365016,9606.ENSP00000365777,9606.ENSP00000475344,9606.ENSP00000480150	MAPK1,MSH2,SERPINF1,TIMP2,JAZF1,TSC1,PDPK1,PRKAA1,NGF,SRC,IRS2,MTHFR,APLNR,HYOU1
GO Process	GO:0065009	Regulation of molecular function	14	4913	0.49	0.0023	9606.ENSP00000215832,9606.ENSP00000233146,9606.ENSP00000250340,9606.ENSP00000254722,9606.ENSP00000262768,9606.ENSP00000283928,9606.ENSP00000286614,9606.ENSP00000298552,9606.ENSP00000344220,9606.ENSP00000346148,9606.ENSP00000358525,9606.ENSP00000362680,9606.ENSP00000365016,9606.ENSP00000440045	MAPK1,MSH2,CLEC11A,SERPINF1,TIMP2,JAZF1,MMP16,TSC1,PDPK1,PRKAA1,NGF,SRC,IRS2,ATP2A2
GO Process	GO:1902532	Negative regulation of intracellular signal transduction	6	508	1.11	0.0023	9606.ENSP00000262768,9606.ENSP00000298552,9606.ENSP00000346148,9606.ENSP00000362680,9606.ENSP00000475344,9606.ENSP00000480150	TIMP2,TSC1,PRKAA1,SRC,APLNR,HYOU1
GO Process	GO:2000026	Regulation of multicellular organismal development	10	2096	0.71	0.0023	9606.ENSP00000215832,9606.ENSP00000233146,9606.ENSP00000254722,9606.ENSP00000262768,9606.ENSP00000298552,9606.ENSP00000344220,9606.ENSP00000346148,9606.ENSP00000358525,9606.ENSP00000362680,9606.ENSP00000475344	MAPK1,MSH2,SERPINF1,TIMP2,TSC1,PDPK1,PRKAA1,NGF,SRC,APLNR
GO Process	GO:0043066	Negative regulation of apoptotic process	7	893	0.93	0.0038	9606.ENSP00000233146,9606.ENSP00000344220,9606.ENSP00000346148,9606.ENSP00000358525,9606.ENSP00000362680,9606.ENSP00000365016,9606.ENSP00000480150	MSH2,PDPK1,PRKAA1,NGF,SRC,IRS2,HYOU1
GO Process	GO:0043524	Negative regulation of neuron apoptotic process	4	148	1.47	0.0038	9606.ENSP00000233146,9606.ENSP00000344220,9606.ENSP00000358525,9606.ENSP00000480150	MSH2,PDPK1,NGF,HYOU1
GO Process	GO:0043549	Regulation of kinase activity	7	918	0.92	0.0038	9606.ENSP00000215832,9606.ENSP00000298552,9606.ENSP00000344220,9606.ENSP00000346148,9606.ENSP00000358525,9606.ENSP00000362680,9606.ENSP00000365016	MAPK1,TSC1,PDPK1,PRKAA1,NGF,SRC,IRS2
GO Process	GO:0070887	Cellular response to chemical stimulus	11	2919	0.61	0.0038	9606.ENSP00000215832,9606.ENSP00000254722,9606.ENSP00000298552,9606.ENSP00000344220,9606.ENSP00000346148,9606.ENSP00000358525,9606.ENSP00000362680,9606.ENSP00000365016,9606.ENSP00000440045,9606.ENSP00000480150,9606.ENSP00000483599	MAPK1,SERPINF1,TSC1,PDPK1,PRKAA1,NGF,SRC,IRS2,ATP2A2,HYOU1,SPON2
GO Process	GO:0031399	Regulation of protein modification process	9	1870	0.72	0.0047	9606.ENSP00000215832,9606.ENSP00000262768,9606.ENSP00000298552,9606.ENSP00000344220,9606.ENSP00000346148,9606.ENSP00000358525,9606.ENSP00000362680,9606.ENSP00000365777,9606.ENSP00000475344	MAPK1,TIMP2,TSC1,PDPK1,PRKAA1,NGF,SRC,MTHFR,APLNR
GO Process	GO:0036293	Response to decreased oxygen levels	5	354	1.19	0.0047	9606.ENSP00000298552,9606.ENSP00000346148,9606.ENSP00000362680,9606.ENSP00000365777,9606.ENSP00000480150	TSC1,PRKAA1,SRC,MTHFR,HYOU1
GO Process	GO:0051172	Negative regulation of nitrogen compound metabolic process	10	2429	0.65	0.0047	9606.ENSP00000233146,9606.ENSP00000254722,9606.ENSP00000262768,9606.ENSP00000283928,9606.ENSP00000298552,9606.ENSP00000344220,9606.ENSP00000346148,9606.ENSP00000358525,9606.ENSP00000362680,9606.ENSP00000365777	MSH2,SERPINF1,TIMP2,JAZF1,TSC1,PDPK1,PRKAA1,NGF,SRC,MTHFR
GO Process	GO:0010243	Response to organonitrogen compound	7	987	0.89	0.0050	9606.ENSP00000215832,9606.ENSP00000298552,9606.ENSP00000344220,9606.ENSP00000346148,9606.ENSP00000362680,9606.ENSP00000365016,9606.ENSP00000365777	MAPK1,TSC1,PDPK1,PRKAA1,SRC,IRS2,MTHFR
GO Process	GO:0032147	Activation of protein kinase activity	5	376	1.16	0.0055	9606.ENSP00000215832,9606.ENSP00000344220,9606.ENSP00000346148,9606.ENSP00000358525,9606.ENSP00000362680	MAPK1,PDPK1,PRKAA1,NGF,SRC
GO Process	GO:0001934	Positive regulation of protein phosphorylation	7	1019	0.87	0.0056	9606.ENSP00000215832,9606.ENSP00000262768,9606.ENSP00000344220,9606.ENSP00000346148,9606.ENSP00000358525,9606.ENSP00000362680,9606.ENSP00000475344	MAPK1,TIMP2,PDPK1,PRKAA1,NGF,SRC,APLNR
GO Process	GO:0018105	Peptidyl-serine phosphorylation	4	177	1.39	0.0056	9606.ENSP00000215832,9606.ENSP00000344220,9606.ENSP00000346148,9606.ENSP00000362680	MAPK1,PDPK1,PRKAA1,SRC
GO Process	GO:0001932	Regulation of protein phosphorylation	8	1459	0.78	0.0058	9606.ENSP00000215832,9606.ENSP00000262768,9606.ENSP00000298552,9606.ENSP00000344220,9606.ENSP00000346148,9606.ENSP00000358525,9606.ENSP00000362680,9606.ENSP00000475344	MAPK1,TIMP2,TSC1,PDPK1,PRKAA1,NGF,SRC,APLNR
GO Process	GO:0032269	Negative regulation of cellular protein metabolic process	7	1043	0.86	0.0061	9606.ENSP00000254722,9606.ENSP00000262768,9606.ENSP00000298552,9606.ENSP00000344220,9606.ENSP00000346148,9606.ENSP00000358525,9606.ENSP00000362680	SERPINF1,TIMP2,TSC1,PDPK1,PRKAA1,NGF,SRC
GO Process	GO:1901701	Cellular response to oxygen-containing compound	7	1055	0.86	0.0064	9606.ENSP00000215832,9606.ENSP00000254722,9606.ENSP00000344220,9606.ENSP00000346148,9606.ENSP00000362680,9606.ENSP00000365016,9606.ENSP00000483599	MAPK1,SERPINF1,PDPK1,PRKAA1,SRC,IRS2,SPON2
GO Process	GO:0036294	Cellular response to decreased oxygen levels	4	199	1.34	0.0073	9606.ENSP00000298552,9606.ENSP00000346148,9606.ENSP00000362680,9606.ENSP00000480150	TSC1,PRKAA1,SRC,HYOU1
GO Process	GO:0046626	Regulation of insulin receptor signaling pathway	3	64	1.71	0.0073	9606.ENSP00000298552,9606.ENSP00000346148,9606.ENSP00000362680	TSC1,PRKAA1,SRC
GO Process	GO:0032268	Regulation of cellular protein metabolic process	10	2693	0.61	0.0081	9606.ENSP00000215832,9606.ENSP00000254722,9606.ENSP00000262768,9606.ENSP00000298552,9606.ENSP00000344220,9606.ENSP00000346148,9606.ENSP00000358525,9606.ENSP00000362680,9606.ENSP00000365777,9606.ENSP00000475344	MAPK1,SERPINF1,TIMP2,TSC1,PDPK1,PRKAA1,NGF,SRC,MTHFR,APLNR
GO Process	GO:0038127	ERBB signaling pathway	3	70	1.67	0.0083	9606.ENSP00000215832,9606.ENSP00000344220,9606.ENSP00000362680	MAPK1,PDPK1,SRC
GO Process	GO:0050896	Response to stimulus	16	8046	0.33	0.0083	9606.ENSP00000215832,9606.ENSP00000233146,9606.ENSP00000250340,9606.ENSP00000254722,9606.ENSP00000262768,9606.ENSP00000298552,9606.ENSP00000344220,9606.ENSP00000346148,9606.ENSP00000358525,9606.ENSP00000362680,9606.ENSP00000365016,9606.ENSP00000365777,9606.ENSP00000440045,9606.ENSP00000475344,9606.ENSP00000480150,9606.ENSP00000483599	MAPK1,MSH2,CLEC11A,SERPINF1,TIMP2,TSC1,PDPK1,PRKAA1,NGF,SRC,IRS2,MTHFR,ATP2A2,APLNR,HYOU1,SPON2
GO Process	GO:0071333	Cellular response to glucose stimulus	3	71	1.66	0.0083	9606.ENSP00000254722,9606.ENSP00000346148,9606.ENSP00000365016	SERPINF1,PRKAA1,IRS2
GO Process	GO:0031667	Response to nutrient levels	5	449	1.08	0.0084	9606.ENSP00000215832,9606.ENSP00000298552,9606.ENSP00000346148,9606.ENSP00000362680,9606.ENSP00000365777	MAPK1,TSC1,PRKAA1,SRC,MTHFR
GO Process	GO:0032501	Multicellular organismal process	15	6933	0.37	0.0084	9606.ENSP00000215832,9606.ENSP00000233146,9606.ENSP00000250340,9606.ENSP00000254722,9606.ENSP00000262768,9606.ENSP00000286614,9606.ENSP00000298552,9606.ENSP00000344220,9606.ENSP00000346148,9606.ENSP00000358525,9606.ENSP00000362680,9606.ENSP00000365016,9606.ENSP00000365777,9606.ENSP00000440045,9606.ENSP00000475344	MAPK1,MSH2,CLEC11A,SERPINF1,TIMP2,MMP16,TSC1,PDPK1,PRKAA1,NGF,SRC,IRS2,MTHFR,ATP2A2,APLNR
GO Process	GO:0051346	Negative regulation of hydrolase activity	5	450	1.08	0.0084	9606.ENSP00000254722,9606.ENSP00000262768,9606.ENSP00000298552,9606.ENSP00000358525,9606.ENSP00000362680	SERPINF1,TIMP2,TSC1,NGF,SRC
GO Process	GO:0048585	Negative regulation of response to stimulus	8	1636	0.73	0.0087	9606.ENSP00000254722,9606.ENSP00000262768,9606.ENSP00000298552,9606.ENSP00000344220,9606.ENSP00000346148,9606.ENSP00000362680,9606.ENSP00000475344,9606.ENSP00000480150	SERPINF1,TIMP2,TSC1,PDPK1,PRKAA1,SRC,APLNR,HYOU1
GO Process	GO:0051057	Positive regulation of small gtpase mediated signal transduction	3	76	1.63	0.0087	9606.ENSP00000358525,9606.ENSP00000362680,9606.ENSP00000365016	NGF,SRC,IRS2
GO Process	GO:0071495	Cellular response to endogenous stimulus	7	1181	0.81	0.0090	9606.ENSP00000215832,9606.ENSP00000254722,9606.ENSP00000344220,9606.ENSP00000346148,9606.ENSP00000358525,9606.ENSP00000362680,9606.ENSP00000365016	MAPK1,SERPINF1,PDPK1,PRKAA1,NGF,SRC,IRS2
GO Process	GO:0032868	Response to insulin	4	231	1.27	0.0092	9606.ENSP00000298552,9606.ENSP00000344220,9606.ENSP00000362680,9606.ENSP00000365016	TSC1,PDPK1,SRC,IRS2
GO Process	GO:0010646	Regulation of cell communication	11	3514	0.53	0.0094	9606.ENSP00000215832,9606.ENSP00000262768,9606.ENSP00000298552,9606.ENSP00000344220,9606.ENSP00000346148,9606.ENSP00000358525,9606.ENSP00000362680,9606.ENSP00000365016,9606.ENSP00000440045,9606.ENSP00000475344,9606.ENSP00000480150	MAPK1,TIMP2,TSC1,PDPK1,PRKAA1,NGF,SRC,IRS2,ATP2A2,APLNR,HYOU1
GO Process	GO:0045913	Positive regulation of carbohydrate metabolic process	3	80	1.61	0.0094	9606.ENSP00000346148,9606.ENSP00000362680,9606.ENSP00000365016	PRKAA1,SRC,IRS2
GO Process	GO:0050801	Ion homeostasis	6	796	0.91	0.0094	9606.ENSP00000215832,9606.ENSP00000344220,9606.ENSP00000346148,9606.ENSP00000362680,9606.ENSP00000440045,9606.ENSP00000475344	MAPK1,PDPK1,PRKAA1,SRC,ATP2A2,APLNR
GO Process	GO:0045859	Regulation of protein kinase activity	6	812	0.9	0.0096	9606.ENSP00000215832,9606.ENSP00000298552,9606.ENSP00000344220,9606.ENSP00000346148,9606.ENSP00000358525,9606.ENSP00000362680	MAPK1,TSC1,PDPK1,PRKAA1,NGF,SRC
GO Process	GO:0023051	Regulation of signaling	11	3553	0.53	0.0097	9606.ENSP00000215832,9606.ENSP00000262768,9606.ENSP00000298552,9606.ENSP00000344220,9606.ENSP00000346148,9606.ENSP00000358525,9606.ENSP00000362680,9606.ENSP00000365016,9606.ENSP00000440045,9606.ENSP00000475344,9606.ENSP00000480150	MAPK1,TIMP2,TSC1,PDPK1,PRKAA1,NGF,SRC,IRS2,ATP2A2,APLNR,HYOU1
GO Process	GO:0010605	Negative regulation of macromolecule metabolic process	10	2875	0.58	0.0098	9606.ENSP00000233146,9606.ENSP00000254722,9606.ENSP00000262768,9606.ENSP00000283928,9606.ENSP00000298552,9606.ENSP00000344220,9606.ENSP00000346148,9606.ENSP00000358525,9606.ENSP00000362680,9606.ENSP00000365777	MSH2,SERPINF1,TIMP2,JAZF1,TSC1,PDPK1,PRKAA1,NGF,SRC,MTHFR
GO Process	GO:0034599	Cellular response to oxidative stress	4	244	1.25	0.0098	9606.ENSP00000215832,9606.ENSP00000346148,9606.ENSP00000362680,9606.ENSP00000440045	MAPK1,PRKAA1,SRC,ATP2A2
GO Process	GO:0035556	Intracellular signal transduction	8	1712	0.71	0.0098	9606.ENSP00000215832,9606.ENSP00000233146,9606.ENSP00000344220,9606.ENSP00000346148,9606.ENSP00000358525,9606.ENSP00000362680,9606.ENSP00000365016,9606.ENSP00000440045	MAPK1,MSH2,PDPK1,PRKAA1,NGF,SRC,IRS2,ATP2A2
GO Process	GO:0048518	Positive regulation of biological process	14	6112	0.4	0.0098	9606.ENSP00000215832,9606.ENSP00000233146,9606.ENSP00000250340,9606.ENSP00000254722,9606.ENSP00000262768,9606.ENSP00000298552,9606.ENSP00000344220,9606.ENSP00000346148,9606.ENSP00000358525,9606.ENSP00000362680,9606.ENSP00000365016,9606.ENSP00000440045,9606.ENSP00000475344,9606.ENSP00000483599	MAPK1,MSH2,CLEC11A,SERPINF1,TIMP2,TSC1,PDPK1,PRKAA1,NGF,SRC,IRS2,ATP2A2,APLNR,SPON2
GO Process	GO:0048584	Positive regulation of response to stimulus	9	2257	0.64	0.0098	9606.ENSP00000215832,9606.ENSP00000233146,9606.ENSP00000262768,9606.ENSP00000344220,9606.ENSP00000346148,9606.ENSP00000358525,9606.ENSP00000362680,9606.ENSP00000365016,9606.ENSP00000483599	MAPK1,MSH2,TIMP2,PDPK1,PRKAA1,NGF,SRC,IRS2,SPON2
GO Process	GO:0010951	Negative regulation of endopeptidase activity	4	248	1.24	0.0100	9606.ENSP00000254722,9606.ENSP00000262768,9606.ENSP00000358525,9606.ENSP00000362680	SERPINF1,TIMP2,NGF,SRC
GO Process	GO:0009968	Negative regulation of signal transduction	7	1271	0.78	0.0112	9606.ENSP00000262768,9606.ENSP00000298552,9606.ENSP00000344220,9606.ENSP00000346148,9606.ENSP00000362680,9606.ENSP00000475344,9606.ENSP00000480150	TIMP2,TSC1,PDPK1,PRKAA1,SRC,APLNR,HYOU1
GO Process	GO:0048731	System development	12	4426	0.47	0.0112	9606.ENSP00000215832,9606.ENSP00000233146,9606.ENSP00000254722,9606.ENSP00000262768,9606.ENSP00000286614,9606.ENSP00000298552,9606.ENSP00000344220,9606.ENSP00000358525,9606.ENSP00000362680,9606.ENSP00000365016,9606.ENSP00000365777,9606.ENSP00000475344	MAPK1,MSH2,SERPINF1,TIMP2,MMP16,TSC1,PDPK1,NGF,SRC,IRS2,MTHFR,APLNR
GO Process	GO:0007169	Transmembrane receptor protein tyrosine kinase signaling pathway	5	518	1.02	0.0113	9606.ENSP00000215832,9606.ENSP00000344220,9606.ENSP00000358525,9606.ENSP00000362680,9606.ENSP00000365016	MAPK1,PDPK1,NGF,SRC,IRS2
GO Process	GO:0033993	Response to lipid	6	858	0.88	0.0113	9606.ENSP00000215832,9606.ENSP00000254722,9606.ENSP00000346148,9606.ENSP00000362680,9606.ENSP00000440045,9606.ENSP00000483599	MAPK1,SERPINF1,PRKAA1,SRC,ATP2A2,SPON2
GO Process	GO:0051336	Regulation of hydrolase activity	7	1284	0.77	0.0115	9606.ENSP00000233146,9606.ENSP00000254722,9606.ENSP00000262768,9606.ENSP00000298552,9606.ENSP00000344220,9606.ENSP00000358525,9606.ENSP00000362680	MSH2,SERPINF1,TIMP2,TSC1,PDPK1,NGF,SRC
GO Process	GO:0043406	Positive regulation of map kinase activity	4	265	1.22	0.0118	9606.ENSP00000215832,9606.ENSP00000346148,9606.ENSP00000358525,9606.ENSP00000362680	MAPK1,PRKAA1,NGF,SRC
GO Process	GO:0030154	Cell differentiation	11	3702	0.51	0.0119	9606.ENSP00000215832,9606.ENSP00000233146,9606.ENSP00000254722,9606.ENSP00000262768,9606.ENSP00000298552,9606.ENSP00000344220,9606.ENSP00000358525,9606.ENSP00000362680,9606.ENSP00000365016,9606.ENSP00000440045,9606.ENSP00000475344	MAPK1,MSH2,SERPINF1,TIMP2,TSC1,PDPK1,NGF,SRC,IRS2,ATP2A2,APLNR
GO Process	GO:0071396	Cellular response to lipid	5	528	1.01	0.0119	9606.ENSP00000215832,9606.ENSP00000254722,9606.ENSP00000346148,9606.ENSP00000362680,9606.ENSP00000483599	MAPK1,SERPINF1,PRKAA1,SRC,SPON2
GO Process	GO:1901655	Cellular response to ketone	3	95	1.54	0.0119	9606.ENSP00000254722,9606.ENSP00000346148,9606.ENSP00000362680	SERPINF1,PRKAA1,SRC
GO Process	GO:0071310	Cellular response to organic substance	9	2369	0.62	0.0121	9606.ENSP00000215832,9606.ENSP00000254722,9606.ENSP00000344220,9606.ENSP00000346148,9606.ENSP00000358525,9606.ENSP00000362680,9606.ENSP00000365016,9606.ENSP00000480150,9606.ENSP00000483599	MAPK1,SERPINF1,PDPK1,PRKAA1,NGF,SRC,IRS2,HYOU1,SPON2
GO Process	GO:0007568	Aging	4	274	1.2	0.0127	9606.ENSP00000215832,9606.ENSP00000233146,9606.ENSP00000254722,9606.ENSP00000262768	MAPK1,MSH2,SERPINF1,TIMP2
GO Process	GO:0043410	Positive regulation of mapk cascade	5	543	1.0	0.0129	9606.ENSP00000215832,9606.ENSP00000262768,9606.ENSP00000346148,9606.ENSP00000358525,9606.ENSP00000362680	MAPK1,TIMP2,PRKAA1,NGF,SRC
GO Process	GO:0048856	Anatomical structure development	13	5402	0.42	0.0129	9606.ENSP00000215832,9606.ENSP00000233146,9606.ENSP00000254722,9606.ENSP00000262768,9606.ENSP00000286614,9606.ENSP00000298552,9606.ENSP00000344220,9606.ENSP00000358525,9606.ENSP00000362680,9606.ENSP00000365016,9606.ENSP00000365777,9606.ENSP00000440045,9606.ENSP00000475344	MAPK1,MSH2,SERPINF1,TIMP2,MMP16,TSC1,PDPK1,NGF,SRC,IRS2,MTHFR,ATP2A2,APLNR
GO Process	GO:0060627	Regulation of vesicle-mediated transport	5	550	0.99	0.0133	9606.ENSP00000215832,9606.ENSP00000344220,9606.ENSP00000346148,9606.ENSP00000362680,9606.ENSP00000440045	MAPK1,PDPK1,PRKAA1,SRC,ATP2A2
GO Process	GO:0060255	Regulation of macromolecule metabolic process	14	6407	0.38	0.0136	9606.ENSP00000215832,9606.ENSP00000233146,9606.ENSP00000254722,9606.ENSP00000262768,9606.ENSP00000283928,9606.ENSP00000298552,9606.ENSP00000344220,9606.ENSP00000346148,9606.ENSP00000358525,9606.ENSP00000362680,9606.ENSP00000365016,9606.ENSP00000365777,9606.ENSP00000475344,9606.ENSP00000483599	MAPK1,MSH2,SERPINF1,TIMP2,JAZF1,TSC1,PDPK1,PRKAA1,NGF,SRC,IRS2,MTHFR,APLNR,SPON2
GO Process	GO:0051251	Positive regulation of lymphocyte activation	4	286	1.18	0.0140	9606.ENSP00000233146,9606.ENSP00000344220,9606.ENSP00000362680,9606.ENSP00000365016	MSH2,PDPK1,SRC,IRS2
GO Process	GO:0008284	Positive regulation of cell population proliferation	6	919	0.85	0.0141	9606.ENSP00000215832,9606.ENSP00000250340,9606.ENSP00000344220,9606.ENSP00000346148,9606.ENSP00000365016,9606.ENSP00000475344	MAPK1,CLEC11A,PDPK1,PRKAA1,IRS2,APLNR
GO Process	GO:0051050	Positive regulation of transport	6	923	0.85	0.0143	9606.ENSP00000215832,9606.ENSP00000344220,9606.ENSP00000346148,9606.ENSP00000362680,9606.ENSP00000365016,9606.ENSP00000475344	MAPK1,PDPK1,PRKAA1,SRC,IRS2,APLNR
GO Process	GO:0007610	Behavior	5	572	0.98	0.0147	9606.ENSP00000215832,9606.ENSP00000254722,9606.ENSP00000298552,9606.ENSP00000346148,9606.ENSP00000358525	MAPK1,SERPINF1,TSC1,PRKAA1,NGF
GO Process	GO:0032870	Cellular response to hormone stimulus	5	569	0.98	0.0147	9606.ENSP00000254722,9606.ENSP00000344220,9606.ENSP00000346148,9606.ENSP00000362680,9606.ENSP00000365016	SERPINF1,PDPK1,PRKAA1,SRC,IRS2
GO Process	GO:0048598	Embryonic morphogenesis	5	571	0.98	0.0147	9606.ENSP00000215832,9606.ENSP00000286614,9606.ENSP00000298552,9606.ENSP00000365777,9606.ENSP00000475344	MAPK1,MMP16,TSC1,MTHFR,APLNR
GO Process	GO:0051716	Cellular response to stimulus	14	6489	0.37	0.0147	9606.ENSP00000215832,9606.ENSP00000233146,9606.ENSP00000250340,9606.ENSP00000254722,9606.ENSP00000298552,9606.ENSP00000344220,9606.ENSP00000346148,9606.ENSP00000358525,9606.ENSP00000362680,9606.ENSP00000365016,9606.ENSP00000440045,9606.ENSP00000475344,9606.ENSP00000480150,9606.ENSP00000483599	MAPK1,MSH2,CLEC11A,SERPINF1,TSC1,PDPK1,PRKAA1,NGF,SRC,IRS2,ATP2A2,APLNR,HYOU1,SPON2
GO Process	GO:0002684	Positive regulation of immune system process	6	949	0.84	0.0155	9606.ENSP00000215832,9606.ENSP00000233146,9606.ENSP00000344220,9606.ENSP00000362680,9606.ENSP00000365016,9606.ENSP00000483599	MAPK1,MSH2,PDPK1,SRC,IRS2,SPON2
GO Process	GO:0009893	Positive regulation of metabolic process	11	3893	0.49	0.0159	9606.ENSP00000215832,9606.ENSP00000233146,9606.ENSP00000262768,9606.ENSP00000298552,9606.ENSP00000344220,9606.ENSP00000346148,9606.ENSP00000358525,9606.ENSP00000362680,9606.ENSP00000365016,9606.ENSP00000475344,9606.ENSP00000483599	MAPK1,MSH2,TIMP2,TSC1,PDPK1,PRKAA1,NGF,SRC,IRS2,APLNR,SPON2
GO Process	GO:0071417	Cellular response to organonitrogen compound	5	590	0.96	0.0161	9606.ENSP00000215832,9606.ENSP00000344220,9606.ENSP00000346148,9606.ENSP00000362680,9606.ENSP00000365016	MAPK1,PDPK1,PRKAA1,SRC,IRS2
GO Process	GO:0002252	Immune effector process	6	969	0.83	0.0169	9606.ENSP00000215832,9606.ENSP00000233146,9606.ENSP00000262768,9606.ENSP00000298552,9606.ENSP00000362680,9606.ENSP00000483599	MAPK1,MSH2,TIMP2,TSC1,SRC,SPON2
GO Process	GO:2000641	Regulation of early endosome to late endosome transport	2	19	2.06	0.0169	9606.ENSP00000215832,9606.ENSP00000362680	MAPK1,SRC
GO Process	GO:0032496	Response to lipopolysaccharide	4	313	1.14	0.0173	9606.ENSP00000215832,9606.ENSP00000362680,9606.ENSP00000440045,9606.ENSP00000483599	MAPK1,SRC,ATP2A2,SPON2
GO Process	GO:0050778	Positive regulation of immune response	5	607	0.95	0.0178	9606.ENSP00000215832,9606.ENSP00000233146,9606.ENSP00000344220,9606.ENSP00000362680,9606.ENSP00000483599	MAPK1,MSH2,PDPK1,SRC,SPON2
GO Process	GO:0048011	Neurotrophin trk receptor signaling pathway	2	20	2.04	0.0180	9606.ENSP00000358525,9606.ENSP00000362680	NGF,SRC
GO Process	GO:0051056	Regulation of small gtpase mediated signal transduction	4	320	1.13	0.0184	9606.ENSP00000262768,9606.ENSP00000358525,9606.ENSP00000362680,9606.ENSP00000365016	TIMP2,NGF,SRC,IRS2
GO Process	GO:0065007	Biological regulation	18	12171	0.21	0.0190	9606.ENSP00000215832,9606.ENSP00000233146,9606.ENSP00000250340,9606.ENSP00000254722,9606.ENSP00000262768,9606.ENSP00000283928,9606.ENSP00000286614,9606.ENSP00000298552,9606.ENSP00000344220,9606.ENSP00000346148,9606.ENSP00000358525,9606.ENSP00000362680,9606.ENSP00000365016,9606.ENSP00000365777,9606.ENSP00000440045,9606.ENSP00000475344,9606.ENSP00000480150,9606.ENSP00000483599	MAPK1,MSH2,CLEC11A,SERPINF1,TIMP2,JAZF1,MMP16,TSC1,PDPK1,PRKAA1,NGF,SRC,IRS2,MTHFR,ATP2A2,APLNR,HYOU1,SPON2
GO Process	GO:0009790	Embryo development	6	1002	0.81	0.0191	9606.ENSP00000215832,9606.ENSP00000233146,9606.ENSP00000286614,9606.ENSP00000298552,9606.ENSP00000365777,9606.ENSP00000475344	MAPK1,MSH2,MMP16,TSC1,MTHFR,APLNR
GO Process	GO:0014066	Regulation of phosphatidylinositol 3-kinase signaling	3	123	1.42	0.0191	9606.ENSP00000215832,9606.ENSP00000362680,9606.ENSP00000365016	MAPK1,SRC,IRS2
GO Process	GO:0051270	Regulation of cellular component movement	6	1009	0.81	0.0195	9606.ENSP00000215832,9606.ENSP00000254722,9606.ENSP00000344220,9606.ENSP00000362680,9606.ENSP00000365016,9606.ENSP00000440045	MAPK1,SERPINF1,PDPK1,SRC,IRS2,ATP2A2
GO Process	GO:0030879	Mammary gland development	3	126	1.41	0.0197	9606.ENSP00000215832,9606.ENSP00000362680,9606.ENSP00000365016	MAPK1,SRC,IRS2
GO Process	GO:0007160	Cell-matrix adhesion	3	127	1.41	0.0199	9606.ENSP00000298552,9606.ENSP00000344220,9606.ENSP00000362680	TSC1,PDPK1,SRC
GO Process	GO:0043009	Chordate embryonic development	5	640	0.93	0.0208	9606.ENSP00000215832,9606.ENSP00000233146,9606.ENSP00000286614,9606.ENSP00000298552,9606.ENSP00000365777	MAPK1,MSH2,MMP16,TSC1,MTHFR
GO Process	GO:0060341	Regulation of cellular localization	6	1027	0.8	0.0208	9606.ENSP00000215832,9606.ENSP00000344220,9606.ENSP00000346148,9606.ENSP00000362680,9606.ENSP00000440045,9606.ENSP00000475344	MAPK1,PDPK1,PRKAA1,SRC,ATP2A2,APLNR
GO Process	GO:0001666	Response to hypoxia	4	342	1.1	0.0215	9606.ENSP00000346148,9606.ENSP00000362680,9606.ENSP00000365777,9606.ENSP00000480150	PRKAA1,SRC,MTHFR,HYOU1
GO Process	GO:0034614	Cellular response to reactive oxygen species	3	133	1.39	0.0215	9606.ENSP00000215832,9606.ENSP00000346148,9606.ENSP00000362680	MAPK1,PRKAA1,SRC
GO Process	GO:1902533	Positive regulation of intracellular signal transduction	6	1041	0.8	0.0215	9606.ENSP00000215832,9606.ENSP00000262768,9606.ENSP00000346148,9606.ENSP00000358525,9606.ENSP00000362680,9606.ENSP00000365016	MAPK1,TIMP2,PRKAA1,NGF,SRC,IRS2
GO Process	GO:1903829	Positive regulation of cellular protein localization	4	342	1.1	0.0215	9606.ENSP00000215832,9606.ENSP00000344220,9606.ENSP00000346148,9606.ENSP00000362680	MAPK1,PDPK1,PRKAA1,SRC
GO Process	GO:0030168	Platelet activation	3	135	1.38	0.0220	9606.ENSP00000215832,9606.ENSP00000344220,9606.ENSP00000362680	MAPK1,PDPK1,SRC
GO Process	GO:0051222	Positive regulation of protein transport	4	352	1.09	0.0224	9606.ENSP00000215832,9606.ENSP00000346148,9606.ENSP00000362680,9606.ENSP00000365016	MAPK1,PRKAA1,SRC,IRS2
GO Process	GO:0001775	Cell activation	6	1075	0.78	0.0236	9606.ENSP00000215832,9606.ENSP00000233146,9606.ENSP00000262768,9606.ENSP00000298552,9606.ENSP00000344220,9606.ENSP00000362680	MAPK1,MSH2,TIMP2,TSC1,PDPK1,SRC
GO Process	GO:0031325	Positive regulation of cellular metabolic process	10	3413	0.5	0.0236	9606.ENSP00000215832,9606.ENSP00000233146,9606.ENSP00000262768,9606.ENSP00000298552,9606.ENSP00000344220,9606.ENSP00000346148,9606.ENSP00000358525,9606.ENSP00000362680,9606.ENSP00000365016,9606.ENSP00000475344	MAPK1,MSH2,TIMP2,TSC1,PDPK1,PRKAA1,NGF,SRC,IRS2,APLNR
GO Process	GO:0048699	Generation of neurons	7	1551	0.69	0.0236	9606.ENSP00000215832,9606.ENSP00000254722,9606.ENSP00000262768,9606.ENSP00000298552,9606.ENSP00000358525,9606.ENSP00000362680,9606.ENSP00000365016	MAPK1,SERPINF1,TIMP2,TSC1,NGF,SRC,IRS2
GO Process	GO:0010447	Response to acidic ph	2	26	1.92	0.0237	9606.ENSP00000254722,9606.ENSP00000362680	SERPINF1,SRC
GO Process	GO:0062013	Positive regulation of small molecule metabolic process	3	144	1.35	0.0243	9606.ENSP00000346148,9606.ENSP00000362680,9606.ENSP00000365016	PRKAA1,SRC,IRS2
GO Process	GO:0048041	Focal adhesion assembly	2	27	1.91	0.0244	9606.ENSP00000344220,9606.ENSP00000362680	PDPK1,SRC
GO Process	GO:0009653	Anatomical structure morphogenesis	8	2165	0.6	0.0266	9606.ENSP00000215832,9606.ENSP00000286614,9606.ENSP00000298552,9606.ENSP00000358525,9606.ENSP00000362680,9606.ENSP00000365016,9606.ENSP00000365777,9606.ENSP00000475344	MAPK1,MMP16,TSC1,NGF,SRC,IRS2,MTHFR,APLNR
GO Process	GO:0045834	Positive regulation of lipid metabolic process	3	152	1.33	0.0269	9606.ENSP00000346148,9606.ENSP00000362680,9606.ENSP00000365016	PRKAA1,SRC,IRS2
GO Process	GO:0080090	Regulation of primary metabolic process	13	6032	0.37	0.0269	9606.ENSP00000215832,9606.ENSP00000233146,9606.ENSP00000254722,9606.ENSP00000262768,9606.ENSP00000283928,9606.ENSP00000298552,9606.ENSP00000344220,9606.ENSP00000346148,9606.ENSP00000358525,9606.ENSP00000362680,9606.ENSP00000365016,9606.ENSP00000365777,9606.ENSP00000475344	MAPK1,MSH2,SERPINF1,TIMP2,JAZF1,TSC1,PDPK1,PRKAA1,NGF,SRC,IRS2,MTHFR,APLNR
GO Process	GO:0048468	Cell development	7	1629	0.67	0.0285	9606.ENSP00000215832,9606.ENSP00000233146,9606.ENSP00000344220,9606.ENSP00000358525,9606.ENSP00000362680,9606.ENSP00000365016,9606.ENSP00000440045	MAPK1,MSH2,PDPK1,NGF,SRC,IRS2,ATP2A2
GO Process	GO:0046627	Negative regulation of insulin receptor signaling pathway	2	31	1.85	0.0292	9606.ENSP00000298552,9606.ENSP00000346148	TSC1,PRKAA1
GO Process	GO:0032148	Activation of protein kinase b activity	2	32	1.83	0.0307	9606.ENSP00000344220,9606.ENSP00000362680	PDPK1,SRC
GO Process	GO:0010604	Positive regulation of macromolecule metabolic process	10	3600	0.48	0.0318	9606.ENSP00000215832,9606.ENSP00000233146,9606.ENSP00000262768,9606.ENSP00000344220,9606.ENSP00000346148,9606.ENSP00000358525,9606.ENSP00000362680,9606.ENSP00000365016,9606.ENSP00000475344,9606.ENSP00000483599	MAPK1,MSH2,TIMP2,PDPK1,PRKAA1,NGF,SRC,IRS2,APLNR,SPON2
GO Process	GO:0019722	Calcium-mediated signaling	3	165	1.3	0.0318	9606.ENSP00000344220,9606.ENSP00000346148,9606.ENSP00000440045	PDPK1,PRKAA1,ATP2A2
GO Process	GO:0032869	Cellular response to insulin stimulus	3	169	1.29	0.0337	9606.ENSP00000344220,9606.ENSP00000362680,9606.ENSP00000365016	PDPK1,SRC,IRS2
GO Process	GO:0031323	Regulation of cellular metabolic process	13	6239	0.36	0.0359	9606.ENSP00000215832,9606.ENSP00000233146,9606.ENSP00000254722,9606.ENSP00000262768,9606.ENSP00000283928,9606.ENSP00000298552,9606.ENSP00000344220,9606.ENSP00000346148,9606.ENSP00000358525,9606.ENSP00000362680,9606.ENSP00000365016,9606.ENSP00000365777,9606.ENSP00000475344	MAPK1,MSH2,SERPINF1,TIMP2,JAZF1,TSC1,PDPK1,PRKAA1,NGF,SRC,IRS2,MTHFR,APLNR
GO Process	GO:0007154	Cell communication	12	5320	0.39	0.0363	9606.ENSP00000215832,9606.ENSP00000233146,9606.ENSP00000250340,9606.ENSP00000298552,9606.ENSP00000344220,9606.ENSP00000346148,9606.ENSP00000358525,9606.ENSP00000362680,9606.ENSP00000365016,9606.ENSP00000440045,9606.ENSP00000475344,9606.ENSP00000480150	MAPK1,MSH2,CLEC11A,TSC1,PDPK1,PRKAA1,NGF,SRC,IRS2,ATP2A2,APLNR,HYOU1
GO Process	GO:0051130	Positive regulation of cellular component organization	6	1209	0.73	0.0363	9606.ENSP00000215832,9606.ENSP00000254722,9606.ENSP00000298552,9606.ENSP00000346148,9606.ENSP00000358525,9606.ENSP00000362680	MAPK1,SERPINF1,TSC1,PRKAA1,NGF,SRC
GO Process	GO:0009605	Response to external stimulus	8	2310	0.58	0.0366	9606.ENSP00000215832,9606.ENSP00000298552,9606.ENSP00000346148,9606.ENSP00000362680,9606.ENSP00000365016,9606.ENSP00000365777,9606.ENSP00000440045,9606.ENSP00000483599	MAPK1,TSC1,PRKAA1,SRC,IRS2,MTHFR,ATP2A2,SPON2
GO Process	GO:0038093	Fc receptor signaling pathway	3	177	1.27	0.0369	9606.ENSP00000215832,9606.ENSP00000344220,9606.ENSP00000362680	MAPK1,PDPK1,SRC
GO Process	GO:0010907	Positive regulation of glucose metabolic process	2	38	1.76	0.0398	9606.ENSP00000362680,9606.ENSP00000365016	SRC,IRS2
GO Process	GO:0071222	Cellular response to lipopolysaccharide	3	185	1.25	0.0412	9606.ENSP00000215832,9606.ENSP00000362680,9606.ENSP00000483599	MAPK1,SRC,SPON2
GO Process	GO:0050804	Modulation of chemical synaptic transmission	4	446	0.99	0.0417	9606.ENSP00000215832,9606.ENSP00000358525,9606.ENSP00000362680,9606.ENSP00000440045	MAPK1,NGF,SRC,ATP2A2
GO Process	GO:0007399	Nervous system development	8	2371	0.56	0.0419	9606.ENSP00000215832,9606.ENSP00000254722,9606.ENSP00000262768,9606.ENSP00000298552,9606.ENSP00000358525,9606.ENSP00000362680,9606.ENSP00000365016,9606.ENSP00000365777	MAPK1,SERPINF1,TIMP2,TSC1,NGF,SRC,IRS2,MTHFR
GO Process	GO:0051049	Regulation of transport	7	1776	0.63	0.0419	9606.ENSP00000215832,9606.ENSP00000344220,9606.ENSP00000346148,9606.ENSP00000362680,9606.ENSP00000365016,9606.ENSP00000440045,9606.ENSP00000475344	MAPK1,PDPK1,PRKAA1,SRC,IRS2,ATP2A2,APLNR
GO Process	GO:0071456	Cellular response to hypoxia	3	189	1.24	0.0422	9606.ENSP00000346148,9606.ENSP00000362680,9606.ENSP00000480150	PRKAA1,SRC,HYOU1
GO Process	GO:0016043	Cellular component organization	12	5447	0.38	0.0424	9606.ENSP00000215832,9606.ENSP00000233146,9606.ENSP00000262768,9606.ENSP00000286614,9606.ENSP00000298552,9606.ENSP00000344220,9606.ENSP00000346148,9606.ENSP00000358525,9606.ENSP00000362680,9606.ENSP00000365016,9606.ENSP00000365777,9606.ENSP00000440045	MAPK1,MSH2,TIMP2,MMP16,TSC1,PDPK1,PRKAA1,NGF,SRC,IRS2,MTHFR,ATP2A2
GO Process	GO:0046578	Regulation of ras protein signal transduction	3	191	1.23	0.0428	9606.ENSP00000262768,9606.ENSP00000358525,9606.ENSP00000365016	TIMP2,NGF,IRS2
GO Process	GO:1903672	Positive regulation of sprouting angiogenesis	2	41	1.72	0.0429	9606.ENSP00000344220,9606.ENSP00000475344	PDPK1,APLNR
GO Process	GO:0071248	Cellular response to metal ion	3	193	1.23	0.0437	9606.ENSP00000215832,9606.ENSP00000254722,9606.ENSP00000346148	MAPK1,SERPINF1,PRKAA1
GO Process	GO:0016310	Phosphorylation	6	1275	0.71	0.0438	9606.ENSP00000215832,9606.ENSP00000233146,9606.ENSP00000344220,9606.ENSP00000346148,9606.ENSP00000362680,9606.ENSP00000365016	MAPK1,MSH2,PDPK1,PRKAA1,SRC,IRS2
GO Process	GO:0051281	Positive regulation of release of sequestered calcium ion into cytosol	2	42	1.71	0.0443	9606.ENSP00000344220,9606.ENSP00000475344	PDPK1,APLNR
GO Process	GO:0032007	Negative regulation of tor signaling	2	43	1.7	0.0459	9606.ENSP00000298552,9606.ENSP00000346148	TSC1,PRKAA1
GO Process	GO:0051054	Positive regulation of dna metabolic process	3	200	1.21	0.0462	9606.ENSP00000215832,9606.ENSP00000233146,9606.ENSP00000362680	MAPK1,MSH2,SRC
GO Process	GO:0035295	Tube development	5	851	0.81	0.0481	9606.ENSP00000215832,9606.ENSP00000298552,9606.ENSP00000362680,9606.ENSP00000365777,9606.ENSP00000475344	MAPK1,TSC1,SRC,MTHFR,APLNR
GO Process	GO:0031669	Cellular response to nutrient levels	3	204	1.2	0.0482	9606.ENSP00000215832,9606.ENSP00000298552,9606.ENSP00000346148	MAPK1,TSC1,PRKAA1
GO Process	GO:0048522	Positive regulation of cellular process	12	5579	0.37	0.0497	9606.ENSP00000215832,9606.ENSP00000233146,9606.ENSP00000250340,9606.ENSP00000254722,9606.ENSP00000262768,9606.ENSP00000298552,9606.ENSP00000344220,9606.ENSP00000346148,9606.ENSP00000358525,9606.ENSP00000362680,9606.ENSP00000365016,9606.ENSP00000475344	MAPK1,MSH2,CLEC11A,SERPINF1,TIMP2,TSC1,PDPK1,PRKAA1,NGF,SRC,IRS2,APLNR
GO Function	GO:0005158	Insulin receptor binding	3	24	2.13	0.0061	9606.ENSP00000344220,9606.ENSP00000362680,9606.ENSP00000365016	PDPK1,SRC,IRS2
GO Function	GO:0008022	Protein c-terminus binding	4	199	1.34	0.0495	9606.ENSP00000233146,9606.ENSP00000346148,9606.ENSP00000362680,9606.ENSP00000440045	MSH2,PRKAA1,SRC,ATP2A2
GO Component	GO:0030424	Axon	6	646	1.0	0.0298	9606.ENSP00000215832,9606.ENSP00000254722,9606.ENSP00000262768,9606.ENSP00000298552,9606.ENSP00000346148,9606.ENSP00000358525	MAPK1,SERPINF1,TIMP2,TSC1,PRKAA1,NGF
KEGG	hsa04140	Autophagy - animal	5	130	1.62	3.87e-05	9606.ENSP00000215832,9606.ENSP00000298552,9606.ENSP00000344220,9606.ENSP00000346148,9606.ENSP00000365016	MAPK1,TSC1,PDPK1,PRKAA1,IRS2
KEGG	hsa04910	Insulin signaling pathway	5	133	1.61	3.87e-05	9606.ENSP00000215832,9606.ENSP00000298552,9606.ENSP00000344220,9606.ENSP00000346148,9606.ENSP00000365016	MAPK1,TSC1,PDPK1,PRKAA1,IRS2
KEGG	hsa04068	FoxO signaling pathway	4	127	1.53	0.00047	9606.ENSP00000215832,9606.ENSP00000344220,9606.ENSP00000346148,9606.ENSP00000365016	MAPK1,PDPK1,PRKAA1,IRS2
KEGG	hsa04152	AMPK signaling pathway	4	120	1.56	0.00047	9606.ENSP00000298552,9606.ENSP00000344220,9606.ENSP00000346148,9606.ENSP00000365016	TSC1,PDPK1,PRKAA1,IRS2
KEGG	hsa04919	Thyroid hormone signaling pathway	4	119	1.56	0.00047	9606.ENSP00000215832,9606.ENSP00000344220,9606.ENSP00000362680,9606.ENSP00000440045	MAPK1,PDPK1,SRC,ATP2A2
KEGG	hsa04150	mTOR signaling pathway	4	151	1.46	0.00059	9606.ENSP00000215832,9606.ENSP00000298552,9606.ENSP00000344220,9606.ENSP00000346148	MAPK1,TSC1,PDPK1,PRKAA1
KEGG	hsa04151	PI3K-Akt signaling pathway	5	350	1.19	0.00064	9606.ENSP00000215832,9606.ENSP00000298552,9606.ENSP00000344220,9606.ENSP00000346148,9606.ENSP00000358525	MAPK1,TSC1,PDPK1,PRKAA1,NGF
KEGG	hsa01524	Platinum drug resistance	3	70	1.67	0.0016	9606.ENSP00000215832,9606.ENSP00000233146,9606.ENSP00000344220	MAPK1,MSH2,PDPK1
KEGG	hsa04211	Longevity regulating pathway	3	87	1.57	0.0027	9606.ENSP00000298552,9606.ENSP00000346148,9606.ENSP00000365016	TSC1,PRKAA1,IRS2
KEGG	hsa05231	Choline metabolism in cancer	3	96	1.53	0.0033	9606.ENSP00000215832,9606.ENSP00000298552,9606.ENSP00000344220	MAPK1,TSC1,PDPK1
KEGG	hsa04931	Insulin resistance	3	107	1.48	0.0040	9606.ENSP00000344220,9606.ENSP00000346148,9606.ENSP00000365016	PDPK1,PRKAA1,IRS2
KEGG	hsa04722	Neurotrophin signaling pathway	3	114	1.46	0.0044	9606.ENSP00000215832,9606.ENSP00000344220,9606.ENSP00000358525	MAPK1,PDPK1,NGF
KEGG	hsa04210	Apoptosis	3	132	1.39	0.0061	9606.ENSP00000215832,9606.ENSP00000344220,9606.ENSP00000358525	MAPK1,PDPK1,NGF
KEGG	hsa04371	Apelin signaling pathway	3	131	1.4	0.0061	9606.ENSP00000215832,9606.ENSP00000346148,9606.ENSP00000475344	MAPK1,PRKAA1,APLNR
KEGG	hsa04921	Oxytocin signaling pathway	3	149	1.34	0.0077	9606.ENSP00000215832,9606.ENSP00000346148,9606.ENSP00000362680	MAPK1,PRKAA1,SRC
KEGG	hsa04022	cGMP-PKG signaling pathway	3	162	1.3	0.0088	9606.ENSP00000215832,9606.ENSP00000365016,9606.ENSP00000440045	MAPK1,IRS2,ATP2A2
KEGG	hsa05206	MicroRNAs in cancer	3	160	1.31	0.0088	9606.ENSP00000215832,9606.ENSP00000286614,9606.ENSP00000365016	MAPK1,MMP16,IRS2
KEGG	hsa04960	Aldosterone-regulated sodium reabsorption	2	37	1.77	0.0108	9606.ENSP00000215832,9606.ENSP00000344220	MAPK1,PDPK1
KEGG	hsa05219	Bladder cancer	2	41	1.72	0.0125	9606.ENSP00000215832,9606.ENSP00000362680	MAPK1,SRC
KEGG	hsa04015	Rap1 signaling pathway	3	202	1.21	0.0127	9606.ENSP00000215832,9606.ENSP00000358525,9606.ENSP00000362680	MAPK1,NGF,SRC
KEGG	hsa04510	Focal adhesion	3	198	1.22	0.0127	9606.ENSP00000215832,9606.ENSP00000344220,9606.ENSP00000362680	MAPK1,PDPK1,SRC
KEGG	hsa05205	Proteoglycans in cancer	3	196	1.22	0.0127	9606.ENSP00000215832,9606.ENSP00000344220,9606.ENSP00000362680	MAPK1,PDPK1,SRC
KEGG	hsa04930	Type II diabetes mellitus	2	46	1.67	0.0128	9606.ENSP00000215832,9606.ENSP00000365016	MAPK1,IRS2
KEGG	hsa05163	Human cytomegalovirus infection	3	218	1.17	0.0143	9606.ENSP00000215832,9606.ENSP00000298552,9606.ENSP00000362680	MAPK1,TSC1,SRC
KEGG	hsa04370	VEGF signaling pathway	2	57	1.58	0.0178	9606.ENSP00000215832,9606.ENSP00000362680	MAPK1,SRC
KEGG	hsa05213	Endometrial cancer	2	57	1.58	0.0178	9606.ENSP00000215832,9606.ENSP00000344220	MAPK1,PDPK1
KEGG	hsa04213	Longevity regulating pathway - multiple species	2	61	1.55	0.0188	9606.ENSP00000346148,9606.ENSP00000365016	PRKAA1,IRS2
KEGG	hsa04520	Adherens junction	2	67	1.51	0.0210	9606.ENSP00000215832,9606.ENSP00000362680	MAPK1,SRC
KEGG	hsa04664	Fc epsilon RI signaling pathway	2	66	1.52	0.0210	9606.ENSP00000215832,9606.ENSP00000344220	MAPK1,PDPK1
KEGG	hsa04917	Prolactin signaling pathway	2	69	1.5	0.0210	9606.ENSP00000215832,9606.ENSP00000362680	MAPK1,SRC
KEGG	hsa04920	Adipocytokine signaling pathway	2	69	1.5	0.0210	9606.ENSP00000346148,9606.ENSP00000365016	PRKAA1,IRS2
KEGG	hsa05223	Non-small cell lung cancer	2	68	1.5	0.0210	9606.ENSP00000215832,9606.ENSP00000344220	MAPK1,PDPK1
KEGG	hsa01521	EGFR tyrosine kinase inhibitor resistance	2	78	1.45	0.0246	9606.ENSP00000215832,9606.ENSP00000362680	MAPK1,SRC
KEGG	hsa04012	ErbB signaling pathway	2	83	1.42	0.0263	9606.ENSP00000215832,9606.ENSP00000362680	MAPK1,SRC
KEGG	hsa05210	Colorectal cancer	2	82	1.42	0.0263	9606.ENSP00000215832,9606.ENSP00000233146	MAPK1,MSH2
KEGG	hsa04540	Gap junction	2	87	1.4	0.0278	9606.ENSP00000215832,9606.ENSP00000362680	MAPK1,SRC
KEGG	hsa04912	GnRH signaling pathway	2	89	1.39	0.0283	9606.ENSP00000215832,9606.ENSP00000362680	MAPK1,SRC
KEGG	hsa05410	Hypertrophic cardiomyopathy	2	89	1.39	0.0283	9606.ENSP00000346148,9606.ENSP00000440045	PRKAA1,ATP2A2
KEGG	hsa01522	Endocrine resistance	2	95	1.36	0.0298	9606.ENSP00000215832,9606.ENSP00000362680	MAPK1,SRC
KEGG	hsa04750	Inflammatory mediator regulation of TRP channels	2	94	1.36	0.0298	9606.ENSP00000358525,9606.ENSP00000362680	NGF,SRC
KEGG	hsa05215	Prostate cancer	2	96	1.35	0.0298	9606.ENSP00000215832,9606.ENSP00000344220	MAPK1,PDPK1
KEGG	hsa04625	C-type lectin receptor signaling pathway	2	102	1.33	0.0317	9606.ENSP00000215832,9606.ENSP00000362680	MAPK1,SRC
KEGG	hsa04660	T cell receptor signaling pathway	2	101	1.33	0.0317	9606.ENSP00000215832,9606.ENSP00000344220	MAPK1,PDPK1
KEGG	hsa04928	Parathyroid hormone synthesis, secretion and action	2	103	1.32	0.0317	9606.ENSP00000215832,9606.ENSP00000286614	MAPK1,MMP16
KEGG	hsa05010	Alzheimer disease	3	355	0.96	0.0317	9606.ENSP00000215832,9606.ENSP00000365016,9606.ENSP00000440045	MAPK1,IRS2,ATP2A2
KEGG	hsa05145	Toxoplasmosis	2	105	1.32	0.0317	9606.ENSP00000215832,9606.ENSP00000344220	MAPK1,PDPK1
KEGG	hsa04071	Sphingolipid signaling pathway	2	116	1.27	0.0370	9606.ENSP00000215832,9606.ENSP00000344220	MAPK1,PDPK1
KEGG	hsa04935	Growth hormone synthesis, secretion and action	2	118	1.27	0.0374	9606.ENSP00000215832,9606.ENSP00000365016	MAPK1,IRS2
KEGG	hsa04611	Platelet activation	2	122	1.25	0.0390	9606.ENSP00000215832,9606.ENSP00000362680	MAPK1,SRC
KEGG	hsa05135	Yersinia infection	2	125	1.24	0.0401	9606.ENSP00000215832,9606.ENSP00000362680	MAPK1,SRC
KEGG	hsa04926	Relaxin signaling pathway	2	128	1.23	0.0411	9606.ENSP00000215832,9606.ENSP00000362680	MAPK1,SRC
KEGG	hsa05418	Fluid shear stress and atherosclerosis	2	130	1.22	0.0415	9606.ENSP00000346148,9606.ENSP00000362680	PRKAA1,SRC
KEGG	hsa04915	Estrogen signaling pathway	2	133	1.21	0.0426	9606.ENSP00000215832,9606.ENSP00000362680	MAPK1,SRC
Reactome	HSA-438064	Post NMDA receptor activation events	4	79	1.74	0.0019	9606.ENSP00000215832,9606.ENSP00000344220,9606.ENSP00000346148,9606.ENSP00000362680	MAPK1,PDPK1,PRKAA1,SRC
Reactome	HSA-187037	Signaling by NTRK1 (TRKA)	4	115	1.58	0.0027	9606.ENSP00000215832,9606.ENSP00000358525,9606.ENSP00000362680,9606.ENSP00000365016	MAPK1,NGF,SRC,IRS2
Reactome	HSA-187687	Signalling to ERKs	3	34	1.98	0.0027	9606.ENSP00000215832,9606.ENSP00000358525,9606.ENSP00000362680	MAPK1,NGF,SRC
Reactome	HSA-74751	Insulin receptor signalling cascade	3	54	1.78	0.0067	9606.ENSP00000215832,9606.ENSP00000344220,9606.ENSP00000365016	MAPK1,PDPK1,IRS2
Reactome	HSA-9634635	Estrogen-stimulated signaling through PRKCZ	2	6	2.56	0.0069	9606.ENSP00000215832,9606.ENSP00000344220	MAPK1,PDPK1
Reactome	HSA-444257	RSK activation	2	7	2.49	0.0078	9606.ENSP00000215832,9606.ENSP00000344220	MAPK1,PDPK1
Reactome	HSA-198203	PI3K/AKT activation	2	9	2.38	0.0095	9606.ENSP00000358525,9606.ENSP00000365016	NGF,IRS2
Reactome	HSA-74749	Signal attenuation	2	10	2.34	0.0095	9606.ENSP00000215832,9606.ENSP00000365016	MAPK1,IRS2
Reactome	HSA-9009391	Extra-nuclear estrogen signaling	3	74	1.64	0.0095	9606.ENSP00000215832,9606.ENSP00000344220,9606.ENSP00000362680	MAPK1,PDPK1,SRC
Reactome	HSA-170968	Frs2-mediated activation	2	12	2.26	0.0112	9606.ENSP00000215832,9606.ENSP00000358525	MAPK1,NGF
Reactome	HSA-9006934	Signaling by Receptor Tyrosine Kinases	5	502	1.03	0.0112	9606.ENSP00000215832,9606.ENSP00000344220,9606.ENSP00000358525,9606.ENSP00000362680,9606.ENSP00000365016	MAPK1,PDPK1,NGF,SRC,IRS2
Reactome	HSA-1257604	PIP3 activates AKT signaling	4	264	1.22	0.0122	9606.ENSP00000215832,9606.ENSP00000344220,9606.ENSP00000362680,9606.ENSP00000365016	MAPK1,PDPK1,SRC,IRS2
Reactome	HSA-1295596	Spry regulation of FGF signaling	2	16	2.13	0.0138	9606.ENSP00000215832,9606.ENSP00000362680	MAPK1,SRC
Reactome	HSA-2219528	PI3K/AKT Signaling in Cancer	3	105	1.49	0.0138	9606.ENSP00000344220,9606.ENSP00000362680,9606.ENSP00000365016	PDPK1,SRC,IRS2
Reactome	HSA-6811558	PI5P, PP2A and IER3 Regulate PI3K/AKT Signaling	3	105	1.49	0.0138	9606.ENSP00000215832,9606.ENSP00000362680,9606.ENSP00000365016	MAPK1,SRC,IRS2
Reactome	HSA-5218921	VEGFR2 mediated cell proliferation	2	19	2.06	0.0150	9606.ENSP00000344220,9606.ENSP00000362680	PDPK1,SRC
Reactome	HSA-167044	Signalling to RAS	2	20	2.04	0.0158	9606.ENSP00000358525,9606.ENSP00000362680	NGF,SRC
Reactome	HSA-982772	Growth hormone receptor signaling	2	23	1.98	0.0197	9606.ENSP00000215832,9606.ENSP00000365016	MAPK1,IRS2
Reactome	HSA-1632852	Macroautophagy	3	133	1.39	0.0199	9606.ENSP00000298552,9606.ENSP00000346148,9606.ENSP00000362680	TSC1,PRKAA1,SRC
Reactome	HSA-8940973	RUNX2 regulates osteoblast differentiation	2	24	1.96	0.0199	9606.ENSP00000215832,9606.ENSP00000362680	MAPK1,SRC
Reactome	HSA-162582	Signal Transduction	9	2741	0.55	0.0226	9606.ENSP00000215832,9606.ENSP00000298552,9606.ENSP00000344220,9606.ENSP00000346148,9606.ENSP00000358525,9606.ENSP00000362680,9606.ENSP00000365016,9606.ENSP00000440045,9606.ENSP00000475344	MAPK1,TSC1,PDPK1,PRKAA1,NGF,SRC,IRS2,ATP2A2,APLNR
Reactome	HSA-354192	Integrin signaling	2	27	1.91	0.0226	9606.ENSP00000344220,9606.ENSP00000362680	PDPK1,SRC
Reactome	HSA-3700989	Transcriptional Regulation by TP53	4	363	1.08	0.0226	9606.ENSP00000233146,9606.ENSP00000298552,9606.ENSP00000344220,9606.ENSP00000346148	MSH2,TSC1,PDPK1,PRKAA1
Reactome	HSA-380972	Energy dependent regulation of mTOR by LKB1-AMPK	2	29	1.87	0.0233	9606.ENSP00000298552,9606.ENSP00000346148	TSC1,PRKAA1
Reactome	HSA-5663202	Diseases of signal transduction by growth factor receptors and second messengers	4	392	1.05	0.0243	9606.ENSP00000215832,9606.ENSP00000344220,9606.ENSP00000362680,9606.ENSP00000365016	MAPK1,PDPK1,SRC,IRS2
Reactome	HSA-456926	Thrombin signalling through proteinase activated receptors (PARs)	2	32	1.83	0.0245	9606.ENSP00000215832,9606.ENSP00000362680	MAPK1,SRC
Reactome	HSA-1592389	Activation of Matrix Metalloproteinases	2	33	1.82	0.0249	9606.ENSP00000262768,9606.ENSP00000286614	TIMP2,MMP16
Reactome	HSA-389356	CD28 co-stimulation	2	33	1.82	0.0249	9606.ENSP00000344220,9606.ENSP00000362680	PDPK1,SRC
Reactome	HSA-212436	Generic Transcription Pathway	6	1197	0.74	0.0250	9606.ENSP00000215832,9606.ENSP00000233146,9606.ENSP00000298552,9606.ENSP00000344220,9606.ENSP00000346148,9606.ENSP00000362680	MAPK1,MSH2,TSC1,PDPK1,PRKAA1,SRC
Reactome	HSA-6802948	Signaling by high-kinase activity BRAF mutants	2	36	1.78	0.0260	9606.ENSP00000215832,9606.ENSP00000362680	MAPK1,SRC
Reactome	HSA-5674135	MAP2K and MAPK activation	2	40	1.74	0.0304	9606.ENSP00000215832,9606.ENSP00000362680	MAPK1,SRC
Reactome	HSA-8853659	RET signaling	2	40	1.74	0.0304	9606.ENSP00000362680,9606.ENSP00000365016	SRC,IRS2
Reactome	HSA-9656223	Signaling by RAF1 mutants	2	41	1.72	0.0304	9606.ENSP00000215832,9606.ENSP00000362680	MAPK1,SRC
Reactome	HSA-109704	PI3K Cascade	2	44	1.69	0.0318	9606.ENSP00000344220,9606.ENSP00000365016	PDPK1,IRS2
Reactome	HSA-437239	Recycling pathway of L1	2	47	1.67	0.0326	9606.ENSP00000215832,9606.ENSP00000362680	MAPK1,SRC
Reactome	HSA-6802946	Signaling by moderate kinase activity BRAF mutants	2	45	1.68	0.0326	9606.ENSP00000215832,9606.ENSP00000362680	MAPK1,SRC
Reactome	HSA-6802955	Paradoxical activation of RAF signaling by kinase inactive BRAF	2	45	1.68	0.0326	9606.ENSP00000215832,9606.ENSP00000362680	MAPK1,SRC
Reactome	HSA-9649948	Signaling downstream of RAS mutants	2	45	1.68	0.0326	9606.ENSP00000215832,9606.ENSP00000362680	MAPK1,SRC
Reactome	HSA-9664422	FCGR3A-mediated phagocytosis	2	60	1.56	0.0469	9606.ENSP00000215832,9606.ENSP00000362680	MAPK1,SRC
Reactome	HSA-375165	NCAM signaling for neurite out-growth	2	63	1.54	0.0491	9606.ENSP00000215832,9606.ENSP00000362680	MAPK1,SRC
WikiPathways	WP2380	Brain-derived neurotrophic factor (BDNF) signaling pathway	6	143	1.66	2.05e-06	9606.ENSP00000215832,9606.ENSP00000344220,9606.ENSP00000346148,9606.ENSP00000358525,9606.ENSP00000362680,9606.ENSP00000365016	MAPK1,PDPK1,PRKAA1,NGF,SRC,IRS2
WikiPathways	WP3915	Angiopoietin-like protein 8 regulatory pathway	5	130	1.62	3.91e-05	9606.ENSP00000215832,9606.ENSP00000298552,9606.ENSP00000344220,9606.ENSP00000346148,9606.ENSP00000365016	MAPK1,TSC1,PDPK1,PRKAA1,IRS2
WikiPathways	WP3932	Focal adhesion: PI3K-Akt-mTOR-signaling pathway	6	302	1.33	5.16e-05	9606.ENSP00000215832,9606.ENSP00000298552,9606.ENSP00000344220,9606.ENSP00000346148,9606.ENSP00000358525,9606.ENSP00000365016	MAPK1,TSC1,PDPK1,PRKAA1,NGF,IRS2
WikiPathways	WP481	Insulin signaling	5	159	1.53	5.16e-05	9606.ENSP00000215832,9606.ENSP00000298552,9606.ENSP00000344220,9606.ENSP00000346148,9606.ENSP00000365016	MAPK1,TSC1,PDPK1,PRKAA1,IRS2
WikiPathways	WP3879	4-hydroxytamoxifen, Dexamethasone, and Retinoic Acids Regulation of p27 Expression	3	17	2.28	9.98e-05	9606.ENSP00000215832,9606.ENSP00000298552,9606.ENSP00000346148	MAPK1,TSC1,PRKAA1
WikiPathways	WP2261	Glioblastoma signaling pathways	4	82	1.72	0.00011	9606.ENSP00000215832,9606.ENSP00000298552,9606.ENSP00000344220,9606.ENSP00000362680	MAPK1,TSC1,PDPK1,SRC
WikiPathways	WP1539	Angiogenesis	3	24	2.13	0.00018	9606.ENSP00000215832,9606.ENSP00000262768,9606.ENSP00000362680	MAPK1,TIMP2,SRC
WikiPathways	WP581	EPO receptor signaling	3	26	2.1	0.00020	9606.ENSP00000215832,9606.ENSP00000362680,9606.ENSP00000365016	MAPK1,SRC,IRS2
WikiPathways	WP244	Alpha 6 beta 4 signaling pathway	3	33	1.99	0.00034	9606.ENSP00000215832,9606.ENSP00000362680,9606.ENSP00000365016	MAPK1,SRC,IRS2
WikiPathways	WP2332	Interleukin-11 signaling pathway	3	44	1.87	0.00070	9606.ENSP00000215832,9606.ENSP00000344220,9606.ENSP00000362680	MAPK1,PDPK1,SRC
WikiPathways	WP4172	PI3K-Akt signaling pathway	5	336	1.21	0.00070	9606.ENSP00000215832,9606.ENSP00000298552,9606.ENSP00000344220,9606.ENSP00000346148,9606.ENSP00000358525	MAPK1,TSC1,PDPK1,PRKAA1,NGF
WikiPathways	WP4539	Synaptic signaling pathways associated with autism spectrum disorder	3	49	1.82	0.00079	9606.ENSP00000215832,9606.ENSP00000298552,9606.ENSP00000346148	MAPK1,TSC1,PRKAA1
WikiPathways	WP2032	Thyroid stimulating hormone (TSH) signaling pathway	3	66	1.69	0.0017	9606.ENSP00000215832,9606.ENSP00000344220,9606.ENSP00000362680	MAPK1,PDPK1,SRC
WikiPathways	WP3303	RAC1/PAK1/p38/MMP2 pathway	3	67	1.69	0.0017	9606.ENSP00000215832,9606.ENSP00000233146,9606.ENSP00000362680	MAPK1,MSH2,SRC
WikiPathways	WP3888	VEGFA-VEGFR2 signaling pathway	5	428	1.1	0.0017	9606.ENSP00000215832,9606.ENSP00000344220,9606.ENSP00000346148,9606.ENSP00000362680,9606.ENSP00000480150	MAPK1,PDPK1,PRKAA1,SRC,HYOU1
WikiPathways	WP4674	Head and neck squamous cell carcinoma	3	72	1.66	0.0018	9606.ENSP00000298552,9606.ENSP00000344220,9606.ENSP00000346148	TSC1,PDPK1,PRKAA1
WikiPathways	WP2034	Leptin signaling pathway	3	75	1.64	0.0019	9606.ENSP00000215832,9606.ENSP00000346148,9606.ENSP00000362680	MAPK1,PRKAA1,SRC
WikiPathways	WP2037	Prolactin signaling pathway	3	76	1.63	0.0019	9606.ENSP00000215832,9606.ENSP00000362680,9606.ENSP00000365016	MAPK1,SRC,IRS2
WikiPathways	WP4806	EGFR tyrosine kinase inhibitor resistance	3	83	1.59	0.0023	9606.ENSP00000215832,9606.ENSP00000344220,9606.ENSP00000362680	MAPK1,PDPK1,SRC
WikiPathways	WP5098	T-cell activation SARS-CoV-2	3	86	1.58	0.0024	9606.ENSP00000215832,9606.ENSP00000298552,9606.ENSP00000344220	MAPK1,TSC1,PDPK1
WikiPathways	WP673	ErbB signaling pathway	3	90	1.56	0.0026	9606.ENSP00000215832,9606.ENSP00000344220,9606.ENSP00000362680	MAPK1,PDPK1,SRC
WikiPathways	WP4746	Thyroid hormones production and peripheral downstream signaling effects	3	94	1.54	0.0028	9606.ENSP00000215832,9606.ENSP00000298552,9606.ENSP00000362680	MAPK1,TSC1,SRC
WikiPathways	WP185	Integrin-mediated cell adhesion	3	100	1.51	0.0032	9606.ENSP00000215832,9606.ENSP00000344220,9606.ENSP00000362680	MAPK1,PDPK1,SRC
WikiPathways	WP3935	Leptin-insulin signaling overlap	2	17	2.11	0.0038	9606.ENSP00000344220,9606.ENSP00000365016	PDPK1,IRS2
WikiPathways	WP4549	Fragile X syndrome	3	119	1.44	0.0049	9606.ENSP00000215832,9606.ENSP00000298552,9606.ENSP00000362680	MAPK1,TSC1,SRC
WikiPathways	WP4483	Relationship between inflammation, COX-2 and EGFR	2	25	1.94	0.0072	9606.ENSP00000215832,9606.ENSP00000362680	MAPK1,SRC
WikiPathways	WP2035	Follicle stimulating hormone (FSH) signaling pathway	2	27	1.91	0.0080	9606.ENSP00000215832,9606.ENSP00000362680	MAPK1,SRC
WikiPathways	WP1984	Integrated breast cancer pathway	3	151	1.33	0.0083	9606.ENSP00000215832,9606.ENSP00000233146,9606.ENSP00000298552	MAPK1,MSH2,TSC1
WikiPathways	WP2643	Nanoparticle-mediated activation of receptor signaling	2	28	1.89	0.0083	9606.ENSP00000215832,9606.ENSP00000362680	MAPK1,SRC
WikiPathways	WP129	Matrix metalloproteinases	2	30	1.86	0.0088	9606.ENSP00000262768,9606.ENSP00000286614	TIMP2,MMP16
WikiPathways	WP2197	Endothelin pathways	2	32	1.83	0.0095	9606.ENSP00000215832,9606.ENSP00000440045	MAPK1,ATP2A2
WikiPathways	WP437	EGF/EGFR signaling pathway	3	162	1.3	0.0095	9606.ENSP00000215832,9606.ENSP00000344220,9606.ENSP00000362680	MAPK1,PDPK1,SRC
WikiPathways	WP313	Hepatocyte growth factor receptor signaling	2	34	1.81	0.0096	9606.ENSP00000215832,9606.ENSP00000362680	MAPK1,SRC
WikiPathways	WP3676	BDNF-TrkB signaling	2	33	1.82	0.0096	9606.ENSP00000215832,9606.ENSP00000298552	MAPK1,TSC1
WikiPathways	WP4874	CAMKK2 pathway	2	33	1.82	0.0096	9606.ENSP00000215832,9606.ENSP00000298552	MAPK1,TSC1
WikiPathways	WP1471	Target of rapamycin (TOR) signaling	2	36	1.78	0.0104	9606.ENSP00000298552,9606.ENSP00000346148	TSC1,PRKAA1
WikiPathways	WP2526	PDGF pathway	2	40	1.74	0.0123	9606.ENSP00000215832,9606.ENSP00000362680	MAPK1,SRC
WikiPathways	WP2828	Bladder cancer	2	40	1.74	0.0123	9606.ENSP00000215832,9606.ENSP00000362680	MAPK1,SRC
WikiPathways	WP306	Focal adhesion	3	196	1.22	0.0131	9606.ENSP00000215832,9606.ENSP00000344220,9606.ENSP00000362680	MAPK1,PDPK1,SRC
WikiPathways	WP4577	Neurodegeneration with brain iron accumulation (NBIA) subtypes pathway	2	44	1.69	0.0137	9606.ENSP00000298552,9606.ENSP00000346148	TSC1,PRKAA1
WikiPathways	WP2586	Aryl hydrocarbon receptor Netpath	2	46	1.67	0.0145	9606.ENSP00000215832,9606.ENSP00000362680	MAPK1,SRC
WikiPathways	WP2203	Thymic stromal lymphopoietin (TSLP) signaling pathway	2	47	1.67	0.0148	9606.ENSP00000215832,9606.ENSP00000362680	MAPK1,SRC
WikiPathways	WP286	IL-3 signaling pathway	2	49	1.65	0.0156	9606.ENSP00000215832,9606.ENSP00000362680	MAPK1,SRC
WikiPathways	WP363	Wnt signaling pathway	2	51	1.63	0.0165	9606.ENSP00000215832,9606.ENSP00000298552	MAPK1,TSC1
WikiPathways	WP4747	Netrin-UNC5B signaling pathway	2	52	1.62	0.0167	9606.ENSP00000215832,9606.ENSP00000362680	MAPK1,SRC
WikiPathways	WP2018	RANKL/RANK signaling pathway	2	55	1.6	0.0176	9606.ENSP00000215832,9606.ENSP00000362680	MAPK1,SRC
WikiPathways	WP2795	Cardiac hypertrophic response	2	54	1.6	0.0176	9606.ENSP00000215832,9606.ENSP00000344220	MAPK1,PDPK1
WikiPathways	WP395	IL-4 signaling pathway	2	54	1.6	0.0176	9606.ENSP00000215832,9606.ENSP00000365016	MAPK1,IRS2
WikiPathways	WP4205	MET in type 1 papillary renal cell carcinoma	2	58	1.57	0.0189	9606.ENSP00000215832,9606.ENSP00000362680	MAPK1,SRC
WikiPathways	WP304	Kit receptor signaling pathway	2	59	1.57	0.0192	9606.ENSP00000215832,9606.ENSP00000362680	MAPK1,SRC
WikiPathways	WP2059	Alzheimers disease and miRNA effects	3	258	1.1	0.0212	9606.ENSP00000215832,9606.ENSP00000365016,9606.ENSP00000440045	MAPK1,IRS2,ATP2A2
WikiPathways	WP4155	Endometrial cancer	2	63	1.54	0.0212	9606.ENSP00000215832,9606.ENSP00000344220	MAPK1,PDPK1
WikiPathways	WP5124	Alzheimers disease	3	255	1.11	0.0212	9606.ENSP00000215832,9606.ENSP00000365016,9606.ENSP00000440045	MAPK1,IRS2,ATP2A2
WikiPathways	WP2374	Oncostatin M signaling pathway	2	65	1.52	0.0214	9606.ENSP00000215832,9606.ENSP00000362680	MAPK1,SRC
WikiPathways	WP2324	AGE/RAGE pathway	2	66	1.52	0.0216	9606.ENSP00000215832,9606.ENSP00000362680	MAPK1,SRC
WikiPathways	WP3680	Physico-chemical features and toxicity-associated pathways	2	66	1.52	0.0216	9606.ENSP00000215832,9606.ENSP00000362680	MAPK1,SRC
WikiPathways	WP1403	AMP-activated protein kinase (AMPK) signaling	2	68	1.5	0.0221	9606.ENSP00000298552,9606.ENSP00000346148	TSC1,PRKAA1
WikiPathways	WP4216	Chromosomal and microsatellite instability in colorectal cancer 	2	73	1.47	0.0249	9606.ENSP00000215832,9606.ENSP00000233146	MAPK1,MSH2
WikiPathways	WP4538	Regulatory circuits of the STAT3 signaling pathway	2	78	1.45	0.0278	9606.ENSP00000215832,9606.ENSP00000362680	MAPK1,SRC
WikiPathways	WP1544	MicroRNAs in cardiomyocyte hypertrophy	2	83	1.42	0.0308	9606.ENSP00000215832,9606.ENSP00000344220	MAPK1,PDPK1
WikiPathways	WP4298	Acute viral myocarditis	2	86	1.4	0.0324	9606.ENSP00000215832,9606.ENSP00000362680	MAPK1,SRC
WikiPathways	WP69	T-cell receptor (TCR) signaling pathway	2	89	1.39	0.0340	9606.ENSP00000215832,9606.ENSP00000344220	MAPK1,PDPK1
WikiPathways	WP23	B cell receptor signaling pathway	2	97	1.35	0.0395	9606.ENSP00000215832,9606.ENSP00000344220	MAPK1,PDPK1
WikiPathways	WP615	Senescence and autophagy in cancer	2	105	1.32	0.0453	9606.ENSP00000215832,9606.ENSP00000362680	MAPK1,SRC
WikiPathways	WP4321	Thermogenesis	2	108	1.3	0.0470	9606.ENSP00000298552,9606.ENSP00000346148	TSC1,PRKAA1
TISSUES	BTO:0000089	Blood	9	1675	0.77	0.0114	9606.ENSP00000215832,9606.ENSP00000233146,9606.ENSP00000298552,9606.ENSP00000344220,9606.ENSP00000346148,9606.ENSP00000358525,9606.ENSP00000362680,9606.ENSP00000365016,9606.ENSP00000480150	MAPK1,MSH2,TSC1,PDPK1,PRKAA1,NGF,SRC,IRS2,HYOU1
TISSUES	BTO:0000132	Blood platelet	5	337	1.21	0.0114	9606.ENSP00000215832,9606.ENSP00000346148,9606.ENSP00000362680,9606.ENSP00000365016,9606.ENSP00000480150	MAPK1,PRKAA1,SRC,IRS2,HYOU1
TISSUES	BTO:0001488	Endocrine gland	15	6036	0.43	0.0114	9606.ENSP00000215832,9606.ENSP00000233146,9606.ENSP00000254722,9606.ENSP00000283928,9606.ENSP00000286614,9606.ENSP00000298552,9606.ENSP00000344220,9606.ENSP00000346148,9606.ENSP00000358525,9606.ENSP00000362680,9606.ENSP00000365016,9606.ENSP00000365777,9606.ENSP00000440045,9606.ENSP00000480150,9606.ENSP00000483599	MAPK1,MSH2,SERPINF1,JAZF1,MMP16,TSC1,PDPK1,PRKAA1,NGF,SRC,IRS2,MTHFR,ATP2A2,HYOU1,SPON2
UniProt Keywords	KW-0067	ATP-binding	7	1368	0.75	0.0354	9606.ENSP00000215832,9606.ENSP00000233146,9606.ENSP00000344220,9606.ENSP00000346148,9606.ENSP00000362680,9606.ENSP00000440045,9606.ENSP00000480150	MAPK1,MSH2,PDPK1,PRKAA1,SRC,ATP2A2,HYOU1
UniProt Keywords	KW-0483	Metalloprotease inhibitor	2	10	2.34	0.0354	9606.ENSP00000262768,9606.ENSP00000358525	TIMP2,NGF
